BIB_ID, TITLE,AUTHOR,CALL_NUM,HOLDINGS_LOC,BARCODE,ENUM,CHRON,ITEM_LOC
284746,"Amos Vogel papers, ","Vogel, Amos, 1921- ",MS#1432,"off,rbms",RS00894656,Box 122
284746,"Amos Vogel papers, ","Vogel, Amos, 1921- ",MS#1432,"off,rbms",RS00894664,Box 123
284746,"Amos Vogel papers, ","Vogel, Amos, 1921- ",MS#1432,"off,rbms",RS00894672,Box 124
284746,"Amos Vogel papers, ","Vogel, Amos, 1921- ",MS#1432,"off,rbms",RS00894680,Box 125
284746,"Amos Vogel papers, ","Vogel, Amos, 1921- ",MS#1432,"off,rbms",RS00894699,Box 126
284746,"Amos Vogel papers, ","Vogel, Amos, 1921- ",MS#1432,"off,rbms",RS00894702,Box 127
284746,"Amos Vogel papers, ","Vogel, Amos, 1921- ",MS#1432,"off,rbms",RS00894710,Box 128
284746,"Amos Vogel papers, ","Vogel, Amos, 1921- ",MS#1432,"off,rbms",RS00894729,Box 129
284746,"Amos Vogel papers, ","Vogel, Amos, 1921- ",MS#1432,"off,rbms",RS00895610,Box 130
284746,"Amos Vogel papers, ","Vogel, Amos, 1921- ",MS#1432,"off,rbms",RS00895628,Box 131
284746,"Amos Vogel papers, ","Vogel, Amos, 1921- ",MS#1432,"off,rbms",RS00895636,Box 132
284746,"Amos Vogel papers, ","Vogel, Amos, 1921- ",MS#1432,"off,rbms",RS00895644,Box 133
284746,"Amos Vogel papers, ","Vogel, Amos, 1921- ",MS#1432,"off,rbms",RS00895652,Box 134
284746,"Amos Vogel papers, ","Vogel, Amos, 1921- ",MS#1432,"off,rbms",RS00895660,Box 135
284746,"Amos Vogel papers, ","Vogel, Amos, 1921- ",MS#1432,"off,rbms",RS00895679,Box 136
284746,"Amos Vogel papers, ","Vogel, Amos, 1921- ",MS#1432,"off,rbms",RS00895687,Box 137
284746,"Amos Vogel papers, ","Vogel, Amos, 1921- ",MS#1432,"off,rbms",RS00895695,Box 138
284746,"Amos Vogel papers, ","Vogel, Amos, 1921- ",MS#1432,"off,rbms",RS00895709,Box 139
284746,"Amos Vogel papers, ","Vogel, Amos, 1921- ",MS#1432,"off,rbms",RS00895717,Box 140
284746,"Amos Vogel papers, ","Vogel, Amos, 1921- ",MS#1432,"off,rbms",RS00895725,Box 141
284746,"Amos Vogel papers, ","Vogel, Amos, 1921- ",MS#1432,"off,rbms",RS00895733,Box 142
284746,"Amos Vogel papers, ","Vogel, Amos, 1921- ",MS#1432,"off,rbms",RS00895741,Box 143
284746,"Amos Vogel papers, ","Vogel, Amos, 1921- ",MS#1432,"off,rbms",RS00895750,Box 144
284746,"Amos Vogel papers, ","Vogel, Amos, 1921- ",MS#1432,"off,rbms",RS00895768,Box 145
284746,"Amos Vogel papers, ","Vogel, Amos, 1921- ",MS#1432,"off,rbms",RS00895776,Box 146
284746,"Amos Vogel papers, ","Vogel, Amos, 1921- ",MS#1432,"off,rbms",RS00434736,Box 147
284746,"Amos Vogel papers, ","Vogel, Amos, 1921- ",MS#1432,"off,rbms",RS00434612,Index 1
11111,"Amos Vogel papers, ","Vogel, Amos, 1921- ",MS#1432,"off,rbms",RS00894656,Box 122
11111,"Amos Vogel papers, ","Vogel, Amos, 1921- ",MS#1432,"off,rbms",RS00894664,Box 123
11111,"Amos Vogel papers, ","Vogel, Amos, 1921- ",MS#1432,"off,rbms",RS00894672,Box 124
11111,"Amos Vogel papers, ","Vogel, Amos, 1921- ",MS#1432,"off,rbms",RS00894680,Box 125
11111,"Amos Vogel papers, ","Vogel, Amos, 1921- ",MS#1432,"off,rbms",RS00895776,Box 146
11111,"Amos Vogel papers, ","Vogel, Amos, 1921- ",MS#1432,"off,rbms",RS00434736,Box 147
11111,"Amos Vogel papers, ","Vogel, Amos, 1921- ",MS#1432,"off,rbms",RS00434612,Index 1
5541450,"Amos Vogel papers, ","Vogel, Amos, 1921- ",MS#1432,"off,rbms",RS00894656,Box 122
5541450,"Amos Vogel papers, ","Vogel, Amos, 1921- ",MS#1432,"off,rbms",RS00894664,Box 123
5541450,"Amos Vogel papers, ","Vogel, Amos, 1921- ",MS#1432,"off,rbms",RS00894672,Box 124
5541450,"Amos Vogel papers, ","Vogel, Amos, 1921- ",MS#1432,"off,rbms",RS00894680,Box 125
5541450,"Amos Vogel papers, ","Vogel, Amos, 1921- ",MS#1432,"off,rbms",RS00894699,Box 126
5541450,"Amos Vogel papers, ","Vogel, Amos, 1921- ",MS#1432,"off,rbms",RS00894702,Box 127
5541450,"Amos Vogel papers, ","Vogel, Amos, 1921- ",MS#1432,"off,rbms",RS00894710,Box 128
5541450,"Amos Vogel papers, ","Vogel, Amos, 1921- ",MS#1432,"off,rbms",RS00894729,Box 129
5541450,"Amos Vogel papers, ","Vogel, Amos, 1921- ",MS#1432,"off,rbms",RS00895610,Box 130
5541450,"Amos Vogel papers, ","Vogel, Amos, 1921- ",MS#1432,"off,rbms",RS00895628,Box 131
5541450,"Amos Vogel papers, ","Vogel, Amos, 1921- ",MS#1432,"off,rbms",RS00895636,Box 132
5541450,"Amos Vogel papers, ","Vogel, Amos, 1921- ",MS#1432,"off,rbms",RS00895644,Box 133
5541450,"Amos Vogel papers, ","Vogel, Amos, 1921- ",MS#1432,"off,rbms",RS00895652,Box 134
5541450,"Amos Vogel papers, ","Vogel, Amos, 1921- ",MS#1432,"off,rbms",RS00895660,Box 135
5541450,"Amos Vogel papers, ","Vogel, Amos, 1921- ",MS#1432,"off,rbms",RS00895679,Box 136
5541450,"Amos Vogel papers, ","Vogel, Amos, 1921- ",MS#1432,"off,rbms",RS00895687,Box 137
5541450,"Amos Vogel papers, ","Vogel, Amos, 1921- ",MS#1432,"off,rbms",RS00895695,Box 138
5541450,"Amos Vogel papers, ","Vogel, Amos, 1921- ",MS#1432,"off,rbms",RS00895709,Box 139
5541450,"Amos Vogel papers, ","Vogel, Amos, 1921- ",MS#1432,"off,rbms",RS00895717,Box 140
5541450,"Amos Vogel papers, ","Vogel, Amos, 1921- ",MS#1432,"off,rbms",RS00895725,Box 141
5541450,"Amos Vogel papers, ","Vogel, Amos, 1921- ",MS#1432,"off,rbms",RS00895733,Box 142
5541450,"Amos Vogel papers, ","Vogel, Amos, 1921- ",MS#1432,"off,rbms",RS00895741,Box 143
5541450,"Amos Vogel papers, ","Vogel, Amos, 1921- ",MS#1432,"off,rbms",RS00895750,Box 144
5541450,"Amos Vogel papers, ","Vogel, Amos, 1921- ",MS#1432,"off,rbms",RS00895768,Box 145
5541450,"Amos Vogel papers, ","Vogel, Amos, 1921- ",MS#1432,"off,rbms",RS00895776,Box 146
5541450,"Amos Vogel papers, ","Vogel, Amos, 1921- ",MS#1432,"off,rbms",RS00434736,Box 147
5541450,"Amos Vogel papers, ","Vogel, Amos, 1921- ",MS#1432,"off,rbms",RS00434612,Index 1
5541450,"Amos Vogel papers, ","Vogel, Amos, 1921- ",MS#1432,"off,rbms",RS00434620,Index 2
5541450,"Amos Vogel papers, ","Vogel, Amos, 1921- ",MS#1432,"off,rbms",RS00434639,Index 3
5541450,"Amos Vogel papers, ","Vogel, Amos, 1921- ",MS#1432,"off,rbms",RS00434647,Index 4
5541450,"Amos Vogel papers, ","Vogel, Amos, 1921- ",MS#1432,"off,rbms",RS00434655,Index 5
5541450,"Amos Vogel papers, ","Vogel, Amos, 1921- ",MS#1432,"off,rbms",RS00434663,Index 6
5541450,"Amos Vogel papers, ","Vogel, Amos, 1921- ",MS#1432,"off,rbms",RS00434671,Index 7
5541450,"Amos Vogel papers, ","Vogel, Amos, 1921- ",MS#1432,"off,rbms",RS00819140,Box 1
5541450,"Amos Vogel papers, ","Vogel, Amos, 1921- ",MS#1432,"off,rbms",RS00819158,Box 2
5541450,"Amos Vogel papers, ","Vogel, Amos, 1921- ",MS#1432,"off,rbms",RS00819166,Box 3
5541450,"Amos Vogel papers, ","Vogel, Amos, 1921- ",MS#1432,"off,rbms",RS00819263,Box 4
5541450,"Amos Vogel papers, ","Vogel, Amos, 1921- ",MS#1432,"off,rbms",RS00819271,Box 5
5541450,"Amos Vogel papers, ","Vogel, Amos, 1921- ",MS#1432,"off,rbms",RS00819280,Box 6
5541450,"Amos Vogel papers, ","Vogel, Amos, 1921- ",MS#1432,"off,rbms",RS00819395,Box 7
5541450,"Amos Vogel papers, ","Vogel, Amos, 1921- ",MS#1432,"off,rbms",RS00819409,Box 8
5541450,"Amos Vogel papers, ","Vogel, Amos, 1921- ",MS#1432,"off,rbms",RS00893811,Box 9
5541450,"Amos Vogel papers, ","Vogel, Amos, 1921- ",MS#1432,"off,rbms",RS00893820,Box 10
5541450,"Amos Vogel papers, ","Vogel, Amos, 1921- ",MS#1432,"off,rbms",RS00893838,Box 11
5541450,"Amos Vogel papers, ","Vogel, Amos, 1921- ",MS#1432,"off,rbms",RS00893846,Box 12
5541450,"Amos Vogel papers, ","Vogel, Amos, 1921- ",MS#1432,"off,rbms",RS00893854,Box 13
5541450,"Amos Vogel papers, ","Vogel, Amos, 1921- ",MS#1432,"off,rbms",RS00893862,Box 14
5541450,"Amos Vogel papers, ","Vogel, Amos, 1921- ",MS#1432,"off,rbms",RS00893870,Box 15
5541450,"Amos Vogel papers, ","Vogel, Amos, 1921- ",MS#1432,"off,rbms",RS00893889,Box 16
5541450,"Amos Vogel papers, ","Vogel, Amos, 1921- ",MS#1432,"off,rbms",RS00893897,Box 17
5541450,"Amos Vogel papers, ","Vogel, Amos, 1921- ",MS#1432,"off,rbms",RS00893900,Box 18
5541450,"Amos Vogel papers, ","Vogel, Amos, 1921- ",MS#1432,"off,rbms",RS00893919,Box 19
5541450,"Amos Vogel papers, ","Vogel, Amos, 1921- ",MS#1432,"off,rbms",RS00893927,Box 20
5541450,"Amos Vogel papers, ","Vogel, Amos, 1921- ",MS#1432,"off,rbms",RS00893935,Box 21
5541450,"Amos Vogel papers, ","Vogel, Amos, 1921- ",MS#1432,"off,rbms",RS00893943,Box 22
5541450,"Amos Vogel papers, ","Vogel, Amos, 1921- ",MS#1432,"off,rbms",RS00893951,Box 23
5541450,"Amos Vogel papers, ","Vogel, Amos, 1921- ",MS#1432,"off,rbms",RS00893960,Box 24
5541450,"Amos Vogel papers, ","Vogel, Amos, 1921- ",MS#1432,"off,rbms",RS00893978,Box 25
5541450,"Amos Vogel papers, ","Vogel, Amos, 1921- ",MS#1432,"off,rbms",RS00893986,Box 26
5541450,"Amos Vogel papers, ","Vogel, Amos, 1921- ",MS#1432,"off,rbms",RS00893994,Box 27
5541450,"Amos Vogel papers, ","Vogel, Amos, 1921- ",MS#1432,"off,rbms",RS00894001,Box 28
5541450,"Amos Vogel papers, ","Vogel, Amos, 1921- ",MS#1432,"off,rbms",RS00894010,Box 29
5541450,"Amos Vogel papers, ","Vogel, Amos, 1921- ",MS#1432,"off,rbms",RS00894028,Box 30
5541450,"Amos Vogel papers, ","Vogel, Amos, 1921- ",MS#1432,"off,rbms",RS00894036,Box 31
5541450,"Amos Vogel papers, ","Vogel, Amos, 1921- ",MS#1432,"off,rbms",RS00894044,Box 32
5541450,"Amos Vogel papers, ","Vogel, Amos, 1921- ",MS#1432,"off,rbms",RS00894052,Box 33
5541450,"Amos Vogel papers, ","Vogel, Amos, 1921- ",MS#1432,"off,rbms",RS00894060,Box 34
5541450,"Amos Vogel papers, ","Vogel, Amos, 1921- ",MS#1432,"off,rbms",RS00894079,Box 35
5541450,"Amos Vogel papers, ","Vogel, Amos, 1921- ",MS#1432,"off,rbms",RS00894087,Box 36
5541450,"Amos Vogel papers, ","Vogel, Amos, 1921- ",MS#1432,"off,rbms",RS00894095,Box 37
5541450,"Amos Vogel papers, ","Vogel, Amos, 1921- ",MS#1432,"off,rbms",RS00894109,Box 38
5541450,"Amos Vogel papers, ","Vogel, Amos, 1921- ",MS#1432,"off,rbms",RS00894117,Box 39
5541450,"Amos Vogel papers, ","Vogel, Amos, 1921- ",MS#1432,"off,rbms",RS00894125,Box 40
5541450,"Amos Vogel papers, ","Vogel, Amos, 1921- ",MS#1432,"off,rbms",RS00894133,Box 41
5541450,"Amos Vogel papers, ","Vogel, Amos, 1921- ",MS#1432,"off,rbms",RS00894141,Box 42
5541450,"Amos Vogel papers, ","Vogel, Amos, 1921- ",MS#1432,"off,rbms",RS00894168,Box 43
5541450,"Amos Vogel papers, ","Vogel, Amos, 1921- ",MS#1432,"off,rbms",RS00894150,Box 44
5541450,"Amos Vogel papers, ","Vogel, Amos, 1921- ",MS#1432,"off,rbms",RS00894281,Box 45
5541450,"Amos Vogel papers, ","Vogel, Amos, 1921- ",MS#1432,"off,rbms",RS00894273,Box 46
5541450,"Amos Vogel papers, ","Vogel, Amos, 1921- ",MS#1432,"off,rbms",RS00894400,Box 47
5541450,"Amos Vogel papers, ","Vogel, Amos, 1921- ",MS#1432,"off,rbms",RS00894397,Box 48
5541450,"Amos Vogel papers, ","Vogel, Amos, 1921- ",MS#1432,"off,rbms",RS00894389,Box 49
5541450,"Amos Vogel papers, ","Vogel, Amos, 1921- ",MS#1432,"off,rbms",RS00894370,Box 50
5541450,"Amos Vogel papers, ","Vogel, Amos, 1921- ",MS#1432,"off,rbms",RS00894362,Box 51
5541450,"Amos Vogel papers, ","Vogel, Amos, 1921- ",MS#1432,"off,rbms",RS00894354,Box 52
5541450,"Amos Vogel papers, ","Vogel, Amos, 1921- ",MS#1432,"off,rbms",RS00894346,Box 53
5541450,"Amos Vogel papers, ","Vogel, Amos, 1921- ",MS#1432,"off,rbms",RS00894176,Box 54
5541450,"Amos Vogel papers, ","Vogel, Amos, 1921- ",MS#1432,"off,rbms",RS00894184,Box 55
5541450,"Amos Vogel papers, ","Vogel, Amos, 1921- ",MS#1432,"off,rbms",RS00894265,Box 56
5541450,"Amos Vogel papers, ","Vogel, Amos, 1921- ",MS#1432,"off,rbms",RS00894257,Box 57
5541450,"Amos Vogel papers, ","Vogel, Amos, 1921- ",MS#1432,"off,rbms",RS00894249,Box 58
5541450,"Amos Vogel papers, ","Vogel, Amos, 1921- ",MS#1432,"off,rbms",RS00894230,Box 59
5541450,"Amos Vogel papers, ","Vogel, Amos, 1921- ",MS#1432,"off,rbms",RS00894222,Box 60
5541450,"Amos Vogel papers, ","Vogel, Amos, 1921- ",MS#1432,"off,rbms",RS00894338,Box 61
5541450,"Amos Vogel papers, ","Vogel, Amos, 1921- ",MS#1432,"off,rbms",RS00894320,Box 62
5541450,"Amos Vogel papers, ","Vogel, Amos, 1921- ",MS#1432,"off,rbms",RS00894214,Box 63
5541450,"Amos Vogel papers, ","Vogel, Amos, 1921- ",MS#1432,"off,rbms",RS00894311,Box 64
5541450,"Amos Vogel papers, ","Vogel, Amos, 1921- ",MS#1432,"off,rbms",RS00894206,Box 65
5541450,"Amos Vogel papers, ","Vogel, Amos, 1921- ",MS#1432,"off,rbms",RS00894192,Box 66
5541450,"Amos Vogel papers, ","Vogel, Amos, 1921- ",MS#1432,"off,rbms",RS00894303,Box 67
5541450,"Amos Vogel papers, ","Vogel, Amos, 1921- ",MS#1432,"off,rbms",RS00894290,Box 68
5541450,"Amos Vogel papers, ","Vogel, Amos, 1921- ",MS#1432,"off,rbms",RS00894524,Box 69
5541450,"Amos Vogel papers, ","Vogel, Amos, 1921- ",MS#1432,"off,rbms",RS00894648,Box 70
5541450,"Amos Vogel papers, ","Vogel, Amos, 1921- ",MS#1432,"off,rbms",RS00894516,Box 71
5541450,"Amos Vogel papers, ","Vogel, Amos, 1921- ",MS#1432,"off,rbms",RS00894630,Box 72
5541450,"Amos Vogel papers, ","Vogel, Amos, 1921- ",MS#1432,"off,rbms",RS00894508,Box 73
5541450,"Amos Vogel papers, ","Vogel, Amos, 1921- ",MS#1432,"off,rbms",RS00894621,Box 74
5541450,"Amos Vogel papers, ","Vogel, Amos, 1921- ",MS#1432,"off,rbms",RS00894494,Box 75
5541450,"Amos Vogel papers, ","Vogel, Amos, 1921- ",MS#1432,"off,rbms",RS00894613,Box 76
5541450,"Amos Vogel papers, ","Vogel, Amos, 1921- ",MS#1432,"off,rbms",RS00894486,Box 77
5541450,"Amos Vogel papers, ","Vogel, Amos, 1921- ",MS#1432,"off,rbms",RS00894478,Box 78
5541450,"Amos Vogel papers, ","Vogel, Amos, 1921- ",MS#1432,"off,rbms",RS00894605,Box 79
5541450,"Amos Vogel papers, ","Vogel, Amos, 1921- ",MS#1432,"off,rbms",RS00894761,Box 80
5541450,"Amos Vogel papers, ","Vogel, Amos, 1921- ",MS#1432,"off,rbms",RS00894885,Box 81
5541450,"Amos Vogel papers, ","Vogel, Amos, 1921- ",MS#1432,"off,rbms",RS00895008,Box 82
5541450,"Amos Vogel papers, ","Vogel, Amos, 1921- ",MS#1432,"off,rbms",RS00894753,Box 83
5541450,"Amos Vogel papers, ","Vogel, Amos, 1921- ",MS#1432,"off,rbms",RS00894460,Box 84
5541450,"Amos Vogel papers, ","Vogel, Amos, 1921- ",MS#1432,"off,rbms",RS00894451,Box 85
5541450,"Amos Vogel papers, ","Vogel, Amos, 1921- ",MS#1432,"off,rbms",RS00894443,Box 86
5541450,"Amos Vogel papers, ","Vogel, Amos, 1921- ",MS#1432,"off,rbms",RS00894435,Box 87
5541450,"Amos Vogel papers, ","Vogel, Amos, 1921- ",MS#1432,"off,rbms",RS00894427,Box 88
5541450,"Amos Vogel papers, ","Vogel, Amos, 1921- ",MS#1432,"off,rbms",RS00894419,Box 89
5541450,"Amos Vogel papers, ","Vogel, Amos, 1921- ",MS#1432,"off,rbms",RS00894990,Box 90
5541450,"Amos Vogel papers, ","Vogel, Amos, 1921- ",MS#1432,"off,rbms",RS00894982,Box 91
5541450,"Amos Vogel papers, ","Vogel, Amos, 1921- ",MS#1432,"off,rbms",RS00894974,Box 92
5541450,"Amos Vogel papers, ","Vogel, Amos, 1921- ",MS#1432,"off,rbms",RS00894966,Box 93
5541450,"Amos Vogel papers, ","Vogel, Amos, 1921- ",MS#1432,"off,rbms",RS00894958,Box 94
5541450,"Amos Vogel papers, ","Vogel, Amos, 1921- ",MS#1432,"off,rbms",RS00894940,Box 95
5541450,"Amos Vogel papers, ","Vogel, Amos, 1921- ",MS#1432,"off,rbms",RS00894931,Box 96
5541450,"Amos Vogel papers, ","Vogel, Amos, 1921- ",MS#1432,"off,rbms",RS00894923,Box 97
5541450,"Amos Vogel papers, ","Vogel, Amos, 1921- ",MS#1432,"off,rbms",RS00894915,Box 98
5541450,"Amos Vogel papers, ","Vogel, Amos, 1921- ",MS#1432,"off,rbms",RS00894907,Box 99
5541450,"Amos Vogel papers, ","Vogel, Amos, 1921- ",MS#1432,"off,rbms",RS00894893,Box 100
5541450,"Amos Vogel papers, ","Vogel, Amos, 1921- ",MS#1432,"off,rbms",RS00894877,Box 101
5541450,"Amos Vogel papers, ","Vogel, Amos, 1921- ",MS#1432,"off,rbms",RS00894869,Box 102
5541450,"Amos Vogel papers, ","Vogel, Amos, 1921- ",MS#1432,"off,rbms",RS00894850,Box 103
5541450,"Amos Vogel papers, ","Vogel, Amos, 1921- ",MS#1432,"off,rbms",RS00895784,Box 104
5541450,"Amos Vogel papers, ","Vogel, Amos, 1921- ",MS#1432,"off,rbms",RS00894842,Box 105
5541450,"Amos Vogel papers, ","Vogel, Amos, 1921- ",MS#1432,"off,rbms",RS00894834,Box 106
5541450,"Amos Vogel papers, ","Vogel, Amos, 1921- ",MS#1432,"off,rbms",RS00894826,Box 107
5541450,"Amos Vogel papers, ","Vogel, Amos, 1921- ",MS#1432,"off,rbms",RS00894591,Box 108
5541450,"Amos Vogel papers, ","Vogel, Amos, 1921- ",MS#1432,"off,rbms",RS00894745,Box 109
5541450,"Amos Vogel papers, ","Vogel, Amos, 1921- ",MS#1432,"off,rbms",RS00894737,Box 110
5541450,"Amos Vogel papers, ","Vogel, Amos, 1921- ",MS#1432,"off,rbms",RS00894583,Box 111
5541450,"Amos Vogel papers, ","Vogel, Amos, 1921- ",MS#1432,"off,rbms",RS00894532,Box 112
5541450,"Amos Vogel papers, ","Vogel, Amos, 1921- ",MS#1432,"off,rbms",RS00894540,Box 113
5541450,"Amos Vogel papers, ","Vogel, Amos, 1921- ",MS#1432,"off,rbms",RS00894559,Box 114
5541450,"Amos Vogel papers, ","Vogel, Amos, 1921- ",MS#1432,"off,rbms",RS00894567,Box 115
5541450,"Amos Vogel papers, ","Vogel, Amos, 1921- ",MS#1432,"off,rbms",RS00894575,Box 116
5541450,"Amos Vogel papers, ","Vogel, Amos, 1921- ",MS#1432,"off,rbms",RS00894818,Box 117
5541450,"Amos Vogel papers, ","Vogel, Amos, 1921- ",MS#1432,"off,rbms",RS00894800,Box 118
5541450,"Amos Vogel papers, ","Vogel, Amos, 1921- ",MS#1432,"off,rbms",RS00894770,Box 119
5541450,"Amos Vogel papers, ","Vogel, Amos, 1921- ",MS#1432,"off,rbms",RS00894788,Box 120
5541450,"Amos Vogel papers, ","Vogel, Amos, 1921- ",MS#1432,"off,rbms",RS00894796,Box 121